{"app":["/app-0d5ef33d3445d214af60.js"],"component---src-pages-404-tsx":["/component---src-pages-404-tsx-2349d28113718129f4bb.js"],"component---src-pages-contact-tsx":["/component---src-pages-contact-tsx-0672d0dec3bc52962377.js"],"component---src-pages-devices-products-json-name-tsx":["/component---src-pages-devices-products-json-name-tsx-bd150b0b5a978475bcaf.js"],"component---src-pages-devices-tsx":["/component---src-pages-devices-tsx-35a45b6b8ed7e958dacb.js"],"component---src-pages-impressum-tsx":["/component---src-pages-impressum-tsx-1410deb1ac1a31299ef0.js"],"component---src-pages-index-tsx":["/component---src-pages-index-tsx-3e68553cbaa1c388faf4.js"],"component---src-pages-music-albums-json-title-tsx":["/component---src-pages-music-albums-json-title-tsx-10db6bec04f8ebcf0cf5.js"],"component---src-pages-music-tsx":["/component---src-pages-music-tsx-33b8431a0cc659ce4e85.js"],"component---src-pages-services-tsx":["/component---src-pages-services-tsx-9576c34c10b1e00bc7d3.js"]}