{"name":"build-javascript","namedChunkGroups":{"app":{"name":"app","assets":[{"name":"webpack-runtime-aa64e55b538c887724d7.js","size":4246},{"name":"framework-7b25474fe803617f150e.js","size":140744},{"name":"app-0d5ef33d3445d214af60.js","size":101182}],"filteredAssets":0,"assetsSize":246172,"filteredAuxiliaryAssets":3,"auxiliaryAssetsSize":709393},"component---src-pages-404-tsx":{"name":"component---src-pages-404-tsx","assets":[{"name":"commons-5209982f6c989fbecdbb.js","size":180901},{"name":"component---src-pages-404-tsx-2349d28113718129f4bb.js","size":3387}],"filteredAssets":0,"assetsSize":184288,"filteredAuxiliaryAssets":2,"auxiliaryAssetsSize":676129},"component---src-pages-contact-tsx":{"name":"component---src-pages-contact-tsx","assets":[{"name":"commons-5209982f6c989fbecdbb.js","size":180901},{"name":"784ef995769bba604913072dde42213e0d432190-2252e1988decfd1abe15.js","size":16321},{"name":"component---src-pages-contact-tsx-0672d0dec3bc52962377.js","size":14943}],"filteredAssets":0,"assetsSize":212165,"filteredAuxiliaryAssets":3,"auxiliaryAssetsSize":795696},"component---src-pages-devices-products-json-name-tsx":{"name":"component---src-pages-devices-products-json-name-tsx","assets":[{"name":"commons-5209982f6c989fbecdbb.js","size":180901},{"name":"784ef995769bba604913072dde42213e0d432190-2252e1988decfd1abe15.js","size":16321},{"name":"component---src-pages-devices-products-json-name-tsx-bd150b0b5a978475bcaf.js","size":3473}],"filteredAssets":0,"assetsSize":200695,"filteredAuxiliaryAssets":3,"auxiliaryAssetsSize":742104},"component---src-pages-devices-tsx":{"name":"component---src-pages-devices-tsx","assets":[{"name":"commons-5209982f6c989fbecdbb.js","size":180901},{"name":"component---src-pages-devices-tsx-35a45b6b8ed7e958dacb.js","size":660341}],"filteredAssets":0,"assetsSize":841242,"filteredAuxiliaryAssets":2,"auxiliaryAssetsSize":3158492},"component---src-pages-impressum-tsx":{"name":"component---src-pages-impressum-tsx","assets":[{"name":"commons-5209982f6c989fbecdbb.js","size":180901},{"name":"component---src-pages-impressum-tsx-1410deb1ac1a31299ef0.js","size":7160}],"filteredAssets":0,"assetsSize":188061,"filteredAuxiliaryAssets":2,"auxiliaryAssetsSize":681747},"component---src-pages-index-tsx":{"name":"component---src-pages-index-tsx","assets":[{"name":"commons-5209982f6c989fbecdbb.js","size":180901},{"name":"component---src-pages-index-tsx-3e68553cbaa1c388faf4.js","size":1718}],"filteredAssets":0,"assetsSize":182619,"filteredAuxiliaryAssets":2,"auxiliaryAssetsSize":668956},"component---src-pages-music-albums-json-title-tsx":{"name":"component---src-pages-music-albums-json-title-tsx","assets":[{"name":"commons-5209982f6c989fbecdbb.js","size":180901},{"name":"component---src-pages-music-albums-json-title-tsx-10db6bec04f8ebcf0cf5.js","size":4177}],"filteredAssets":0,"assetsSize":185078,"filteredAuxiliaryAssets":2,"auxiliaryAssetsSize":679948},"component---src-pages-music-tsx":{"name":"component---src-pages-music-tsx","assets":[{"name":"commons-5209982f6c989fbecdbb.js","size":180901},{"name":"component---src-pages-music-tsx-33b8431a0cc659ce4e85.js","size":1151}],"filteredAssets":0,"assetsSize":182052,"filteredAuxiliaryAssets":2,"auxiliaryAssetsSize":669911},"component---src-pages-services-tsx":{"name":"component---src-pages-services-tsx","assets":[{"name":"commons-5209982f6c989fbecdbb.js","size":180901},{"name":"784ef995769bba604913072dde42213e0d432190-2252e1988decfd1abe15.js","size":16321},{"name":"component---src-pages-services-tsx-9576c34c10b1e00bc7d3.js","size":6605}],"filteredAssets":0,"assetsSize":203827,"filteredAuxiliaryAssets":3,"auxiliaryAssetsSize":747997}},"assetsByChunkName":{"app":["webpack-runtime-aa64e55b538c887724d7.js","framework-7b25474fe803617f150e.js","app-0d5ef33d3445d214af60.js"],"component---src-pages-404-tsx":["commons-5209982f6c989fbecdbb.js","component---src-pages-404-tsx-2349d28113718129f4bb.js"],"component---src-pages-contact-tsx":["commons-5209982f6c989fbecdbb.js","784ef995769bba604913072dde42213e0d432190-2252e1988decfd1abe15.js","component---src-pages-contact-tsx-0672d0dec3bc52962377.js"],"component---src-pages-devices-products-json-name-tsx":["commons-5209982f6c989fbecdbb.js","784ef995769bba604913072dde42213e0d432190-2252e1988decfd1abe15.js","component---src-pages-devices-products-json-name-tsx-bd150b0b5a978475bcaf.js"],"component---src-pages-devices-tsx":["commons-5209982f6c989fbecdbb.js","component---src-pages-devices-tsx-35a45b6b8ed7e958dacb.js"],"component---src-pages-impressum-tsx":["commons-5209982f6c989fbecdbb.js","component---src-pages-impressum-tsx-1410deb1ac1a31299ef0.js"],"component---src-pages-index-tsx":["commons-5209982f6c989fbecdbb.js","component---src-pages-index-tsx-3e68553cbaa1c388faf4.js"],"component---src-pages-music-albums-json-title-tsx":["commons-5209982f6c989fbecdbb.js","component---src-pages-music-albums-json-title-tsx-10db6bec04f8ebcf0cf5.js"],"component---src-pages-music-tsx":["commons-5209982f6c989fbecdbb.js","component---src-pages-music-tsx-33b8431a0cc659ce4e85.js"],"component---src-pages-services-tsx":["commons-5209982f6c989fbecdbb.js","784ef995769bba604913072dde42213e0d432190-2252e1988decfd1abe15.js","component---src-pages-services-tsx-9576c34c10b1e00bc7d3.js"]},"childAssetsByChunkName":{}}